Filename,Movement Detected,Animal Detected
D:\temp\trail_cam\DCIM_241110_250404\100MEDIA\DSCF0001.AVI,True,True
D:\temp\trail_cam\DCIM_241110_250404\100MEDIA\DSCF0002.AVI,True,True
D:\temp\trail_cam\DCIM_241110_250404\100MEDIA\DSCF0003.AVI,True,True
D:\temp\trail_cam\DCIM_241110_250404\100MEDIA\DSCF0004.AVI,True,True
D:\temp\trail_cam\DCIM_241110_250404\100MEDIA\DSCF0005.AVI,True,True
D:\temp\trail_cam\DCIM_241110_250404\100MEDIA\DSCF0006.AVI,True,True
D:\temp\trail_cam\DCIM_241110_250404\100MEDIA\DSCF0007.AVI,True,True
D:\temp\trail_cam\DCIM_241110_250404\100MEDIA\DSCF0008.AVI,True,True
D:\temp\trail_cam\DCIM_241110_250404\100MEDIA\DSCF0009.AVI,True,True
D:\temp\trail_cam\DCIM_241110_250404\100MEDIA\DSCF0010.AVI,True,True
D:\temp\trail_cam\DCIM_241110_250404\100MEDIA\DSCF0011.AVI,True,True
D:\temp\trail_cam\DCIM_241110_250404\100MEDIA\DSCF0012.AVI,True,True
D:\temp\trail_cam\DCIM_241110_250404\100MEDIA\DSCF0013.AVI,True,True
D:\temp\trail_cam\DCIM_241110_250404\100MEDIA\DSCF0014.AVI,True,True
D:\temp\trail_cam\DCIM_241110_250404\100MEDIA\DSCF0015.AVI,True,False
D:\temp\trail_cam\DCIM_241110_250404\100MEDIA\DSCF0016.AVI,True,True
D:\temp\trail_cam\DCIM_241110_250404\100MEDIA\DSCF0017.AVI,True,True
D:\temp\trail_cam\DCIM_241110_250404\100MEDIA\DSCF0018.AVI,True,True
D:\temp\trail_cam\DCIM_241110_250404\100MEDIA\DSCF0019.AVI,True,True
D:\temp\trail_cam\DCIM_241110_250404\100MEDIA\DSCF0020.AVI,True,True
D:\temp\trail_cam\DCIM_241110_250404\100MEDIA\DSCF0021.AVI,True,True
D:\temp\trail_cam\DCIM_241110_250404\100MEDIA\DSCF0022.AVI,True,False
D:\temp\trail_cam\DCIM_241110_250404\100MEDIA\DSCF0023.AVI,True,False
D:\temp\trail_cam\DCIM_241110_250404\100MEDIA\DSCF0024.AVI,True,False
D:\temp\trail_cam\DCIM_241110_250404\100MEDIA\DSCF0025.AVI,True,False
D:\temp\trail_cam\DCIM_241110_250404\100MEDIA\DSCF0026.AVI,True,False
D:\temp\trail_cam\DCIM_241110_250404\100MEDIA\DSCF0027.AVI,True,True
D:\temp\trail_cam\DCIM_241110_250404\100MEDIA\DSCF0028.AVI,True,True
D:\temp\trail_cam\DCIM_241110_250404\100MEDIA\DSCF0029.AVI,True,True
D:\temp\trail_cam\DCIM_241110_250404\100MEDIA\DSCF0030.AVI,True,True
D:\temp\trail_cam\DCIM_241110_250404\100MEDIA\DSCF0031.AVI,True,True
D:\temp\trail_cam\DCIM_241110_250404\100MEDIA\DSCF0032.AVI,True,False
D:\temp\trail_cam\DCIM_241110_250404\100MEDIA\DSCF0033.AVI,True,True
D:\temp\trail_cam\DCIM_241110_250404\100MEDIA\DSCF0034.AVI,True,True
D:\temp\trail_cam\DCIM_241110_250404\100MEDIA\DSCF0035.AVI,True,True
D:\temp\trail_cam\DCIM_241110_250404\100MEDIA\DSCF0036.AVI,True,True
D:\temp\trail_cam\DCIM_241110_250404\100MEDIA\DSCF0037.AVI,True,True
D:\temp\trail_cam\DCIM_241110_250404\100MEDIA\DSCF0038.AVI,True,True
D:\temp\trail_cam\DCIM_241110_250404\100MEDIA\DSCF0039.AVI,True,True
D:\temp\trail_cam\DCIM_241110_250404\100MEDIA\DSCF0040.AVI,True,True
D:\temp\trail_cam\DCIM_241110_250404\100MEDIA\DSCF0041.AVI,True,True
D:\temp\trail_cam\DCIM_241110_250404\100MEDIA\DSCF0042.AVI,True,False
D:\temp\trail_cam\DCIM_241110_250404\100MEDIA\DSCF0043.AVI,True,False
D:\temp\trail_cam\DCIM_241110_250404\100MEDIA\DSCF0044.AVI,True,True
D:\temp\trail_cam\DCIM_241110_250404\100MEDIA\DSCF0045.AVI,True,True
D:\temp\trail_cam\DCIM_241110_250404\100MEDIA\DSCF0046.AVI,True,True
D:\temp\trail_cam\DCIM_241110_250404\100MEDIA\DSCF0047.AVI,True,True
D:\temp\trail_cam\DCIM_241110_250404\100MEDIA\DSCF0048.AVI,True,True
D:\temp\trail_cam\DCIM_241110_250404\100MEDIA\DSCF0049.AVI,True,True
D:\temp\trail_cam\DCIM_241110_250404\100MEDIA\DSCF0050.AVI,True,True
D:\temp\trail_cam\DCIM_241110_250404\100MEDIA\DSCF0051.AVI,True,True
D:\temp\trail_cam\DCIM_241110_250404\100MEDIA\DSCF0052.AVI,True,False
D:\temp\trail_cam\DCIM_241110_250404\100MEDIA\DSCF0053.AVI,True,False
D:\temp\trail_cam\DCIM_241110_250404\100MEDIA\DSCF0054.AVI,True,False
D:\temp\trail_cam\DCIM_241110_250404\100MEDIA\DSCF0055.AVI,True,False
D:\temp\trail_cam\DCIM_241110_250404\100MEDIA\DSCF0056.AVI,True,False
D:\temp\trail_cam\DCIM_241110_250404\100MEDIA\DSCF0057.AVI,True,True
D:\temp\trail_cam\DCIM_241110_250404\100MEDIA\DSCF0058.AVI,True,False
D:\temp\trail_cam\DCIM_241110_250404\100MEDIA\DSCF0059.AVI,True,False
D:\temp\trail_cam\DCIM_241110_250404\100MEDIA\DSCF0060.AVI,True,True
D:\temp\trail_cam\DCIM_241110_250404\100MEDIA\DSCF0061.AVI,True,True
D:\temp\trail_cam\DCIM_241110_250404\100MEDIA\DSCF0062.AVI,True,True
D:\temp\trail_cam\DCIM_241110_250404\100MEDIA\DSCF0063.AVI,True,True
D:\temp\trail_cam\DCIM_241110_250404\100MEDIA\DSCF0064.AVI,True,True
D:\temp\trail_cam\DCIM_241110_250404\100MEDIA\DSCF0065.AVI,True,True
D:\temp\trail_cam\DCIM_241110_250404\100MEDIA\DSCF0066.AVI,True,True
D:\temp\trail_cam\DCIM_241110_250404\100MEDIA\DSCF0067.AVI,True,True
D:\temp\trail_cam\DCIM_241110_250404\100MEDIA\DSCF0068.AVI,True,True
D:\temp\trail_cam\DCIM_241110_250404\100MEDIA\DSCF0069.AVI,True,True
D:\temp\trail_cam\DCIM_241110_250404\100MEDIA\DSCF0070.AVI,True,True
D:\temp\trail_cam\DCIM_241110_250404\100MEDIA\DSCF0071.AVI,True,True
D:\temp\trail_cam\DCIM_241110_250404\100MEDIA\DSCF0072.AVI,True,False
D:\temp\trail_cam\DCIM_241110_250404\100MEDIA\DSCF0073.AVI,False,False
D:\temp\trail_cam\DCIM_241110_250404\100MEDIA\DSCF0074.AVI,True,True
D:\temp\trail_cam\DCIM_241110_250404\100MEDIA\DSCF0075.AVI,True,True
D:\temp\trail_cam\DCIM_241110_250404\100MEDIA\DSCF0076.AVI,True,True
D:\temp\trail_cam\DCIM_241110_250404\100MEDIA\DSCF0077.AVI,True,False
D:\temp\trail_cam\DCIM_241110_250404\100MEDIA\DSCF0078.AVI,True,False
D:\temp\trail_cam\DCIM_241110_250404\100MEDIA\DSCF0079.AVI,True,False
D:\temp\trail_cam\DCIM_241110_250404\100MEDIA\DSCF0080.AVI,True,False
D:\temp\trail_cam\DCIM_241110_250404\100MEDIA\DSCF0081.AVI,True,False
D:\temp\trail_cam\DCIM_241110_250404\100MEDIA\DSCF0082.AVI,True,False
D:\temp\trail_cam\DCIM_241110_250404\100MEDIA\DSCF0083.AVI,True,False
D:\temp\trail_cam\DCIM_241110_250404\100MEDIA\DSCF0084.AVI,True,False
D:\temp\trail_cam\DCIM_241110_250404\100MEDIA\DSCF0085.AVI,True,False
D:\temp\trail_cam\DCIM_241110_250404\100MEDIA\DSCF0086.AVI,True,True
D:\temp\trail_cam\DCIM_241110_250404\100MEDIA\DSCF0087.AVI,True,True
D:\temp\trail_cam\DCIM_241110_250404\100MEDIA\DSCF0088.AVI,True,True
D:\temp\trail_cam\DCIM_241110_250404\100MEDIA\DSCF0089.AVI,True,True
D:\temp\trail_cam\DCIM_241110_250404\100MEDIA\DSCF0090.AVI,True,True
D:\temp\trail_cam\DCIM_241110_250404\100MEDIA\DSCF0091.AVI,True,True
D:\temp\trail_cam\DCIM_241110_250404\100MEDIA\DSCF0092.AVI,True,True
D:\temp\trail_cam\DCIM_241110_250404\100MEDIA\DSCF0093.AVI,True,True
D:\temp\trail_cam\DCIM_241110_250404\100MEDIA\DSCF0094.AVI,True,True
D:\temp\trail_cam\DCIM_241110_250404\100MEDIA\DSCF0095.AVI,True,True
D:\temp\trail_cam\DCIM_241110_250404\100MEDIA\DSCF0096.AVI,False,False
D:\temp\trail_cam\DCIM_241110_250404\100MEDIA\DSCF0097.AVI,True,True
D:\temp\trail_cam\DCIM_241110_250404\100MEDIA\DSCF0098.AVI,True,True
D:\temp\trail_cam\DCIM_241110_250404\100MEDIA\DSCF0099.AVI,True,True
D:\temp\trail_cam\DCIM_241110_250404\100MEDIA\DSCF0100.AVI,True,False
D:\temp\trail_cam\DCIM_241110_250404\100MEDIA\DSCF0101.AVI,True,False
D:\temp\trail_cam\DCIM_241110_250404\100MEDIA\DSCF0102.AVI,True,False
D:\temp\trail_cam\DCIM_241110_250404\100MEDIA\DSCF0103.AVI,True,False
D:\temp\trail_cam\DCIM_241110_250404\100MEDIA\DSCF0104.AVI,True,False
D:\temp\trail_cam\DCIM_241110_250404\100MEDIA\DSCF0105.AVI,True,False
D:\temp\trail_cam\DCIM_241110_250404\100MEDIA\DSCF0106.AVI,True,False
D:\temp\trail_cam\DCIM_241110_250404\100MEDIA\DSCF0107.AVI,True,False
D:\temp\trail_cam\DCIM_241110_250404\100MEDIA\DSCF0108.AVI,False,False
D:\temp\trail_cam\DCIM_241110_250404\100MEDIA\DSCF0109.AVI,True,True
D:\temp\trail_cam\DCIM_241110_250404\100MEDIA\DSCF0110.AVI,True,True
D:\temp\trail_cam\DCIM_241110_250404\100MEDIA\DSCF0111.AVI,True,True
D:\temp\trail_cam\DCIM_241110_250404\100MEDIA\DSCF0112.AVI,True,False
D:\temp\trail_cam\DCIM_241110_250404\100MEDIA\DSCF0113.AVI,True,False
D:\temp\trail_cam\DCIM_241110_250404\100MEDIA\DSCF0114.AVI,True,False
D:\temp\trail_cam\DCIM_241110_250404\100MEDIA\DSCF0115.AVI,True,False
D:\temp\trail_cam\DCIM_241110_250404\100MEDIA\DSCF0116.AVI,True,False
D:\temp\trail_cam\DCIM_241110_250404\100MEDIA\DSCF0117.AVI,True,False
D:\temp\trail_cam\DCIM_241110_250404\100MEDIA\DSCF0118.AVI,True,False
D:\temp\trail_cam\DCIM_241110_250404\100MEDIA\DSCF0119.AVI,True,False
D:\temp\trail_cam\DCIM_241110_250404\100MEDIA\DSCF0120.AVI,True,False
D:\temp\trail_cam\DCIM_241110_250404\100MEDIA\DSCF0121.AVI,True,False
D:\temp\trail_cam\DCIM_241110_250404\100MEDIA\DSCF0122.AVI,True,False
D:\temp\trail_cam\DCIM_241110_250404\100MEDIA\DSCF0123.AVI,True,False
D:\temp\trail_cam\DCIM_241110_250404\100MEDIA\DSCF0124.AVI,True,True
D:\temp\trail_cam\DCIM_241110_250404\100MEDIA\DSCF0125.AVI,True,True
D:\temp\trail_cam\DCIM_241110_250404\100MEDIA\DSCF0126.AVI,True,False
D:\temp\trail_cam\DCIM_241110_250404\100MEDIA\DSCF0127.AVI,True,True
D:\temp\trail_cam\DCIM_241110_250404\100MEDIA\DSCF0128.AVI,True,True
D:\temp\trail_cam\DCIM_241110_250404\100MEDIA\DSCF0129.AVI,True,True
D:\temp\trail_cam\DCIM_241110_250404\100MEDIA\DSCF0130.AVI,True,True
D:\temp\trail_cam\DCIM_241110_250404\100MEDIA\DSCF0131.AVI,True,True
D:\temp\trail_cam\DCIM_241110_250404\100MEDIA\DSCF0132.AVI,True,True
D:\temp\trail_cam\DCIM_241110_250404\100MEDIA\DSCF0133.AVI,True,True
D:\temp\trail_cam\DCIM_241110_250404\100MEDIA\DSCF0134.AVI,True,False
D:\temp\trail_cam\DCIM_241110_250404\100MEDIA\DSCF0135.AVI,True,True
D:\temp\trail_cam\DCIM_241110_250404\100MEDIA\DSCF0136.AVI,True,True
D:\temp\trail_cam\DCIM_241110_250404\100MEDIA\DSCF0137.AVI,True,False
D:\temp\trail_cam\DCIM_241110_250404\100MEDIA\DSCF0138.AVI,True,False
D:\temp\trail_cam\DCIM_241110_250404\100MEDIA\DSCF0139.AVI,True,False
D:\temp\trail_cam\DCIM_241110_250404\100MEDIA\DSCF0140.AVI,True,False
D:\temp\trail_cam\DCIM_241110_250404\100MEDIA\DSCF0141.AVI,True,False
D:\temp\trail_cam\DCIM_241110_250404\100MEDIA\DSCF0142.AVI,True,False
D:\temp\trail_cam\DCIM_241110_250404\100MEDIA\DSCF0143.AVI,True,False
D:\temp\trail_cam\DCIM_241110_250404\100MEDIA\DSCF0144.AVI,True,False
D:\temp\trail_cam\DCIM_241110_250404\100MEDIA\DSCF0145.AVI,True,True
D:\temp\trail_cam\DCIM_241110_250404\100MEDIA\DSCF0146.AVI,True,True
D:\temp\trail_cam\DCIM_241110_250404\100MEDIA\DSCF0147.AVI,True,False
D:\temp\trail_cam\DCIM_241110_250404\100MEDIA\DSCF0148.AVI,True,True
D:\temp\trail_cam\DCIM_241110_250404\100MEDIA\DSCF0149.AVI,True,True
D:\temp\trail_cam\DCIM_241110_250404\100MEDIA\DSCF0150.AVI,True,True
D:\temp\trail_cam\DCIM_241110_250404\100MEDIA\DSCF0151.AVI,True,True
D:\temp\trail_cam\DCIM_241110_250404\100MEDIA\DSCF0152.AVI,True,False
D:\temp\trail_cam\DCIM_241110_250404\100MEDIA\DSCF0153.AVI,True,True
D:\temp\trail_cam\DCIM_241110_250404\100MEDIA\DSCF0154.AVI,True,False
D:\temp\trail_cam\DCIM_241110_250404\100MEDIA\DSCF0155.AVI,True,False
D:\temp\trail_cam\DCIM_241110_250404\100MEDIA\DSCF0156.AVI,True,False
D:\temp\trail_cam\DCIM_241110_250404\100MEDIA\DSCF0157.AVI,True,True
D:\temp\trail_cam\DCIM_241110_250404\100MEDIA\DSCF0158.AVI,True,False
D:\temp\trail_cam\DCIM_241110_250404\100MEDIA\DSCF0159.AVI,True,False
D:\temp\trail_cam\DCIM_241110_250404\100MEDIA\DSCF0160.AVI,True,False
D:\temp\trail_cam\DCIM_241110_250404\100MEDIA\DSCF0161.AVI,True,False
D:\temp\trail_cam\DCIM_241110_250404\100MEDIA\DSCF0162.AVI,True,False
D:\temp\trail_cam\DCIM_241110_250404\100MEDIA\DSCF0163.AVI,True,False
D:\temp\trail_cam\DCIM_241110_250404\100MEDIA\DSCF0164.AVI,True,False
D:\temp\trail_cam\DCIM_241110_250404\100MEDIA\DSCF0165.AVI,True,False
D:\temp\trail_cam\DCIM_241110_250404\100MEDIA\DSCF0166.AVI,True,False
D:\temp\trail_cam\DCIM_241110_250404\100MEDIA\DSCF0167.AVI,True,False
D:\temp\trail_cam\DCIM_241110_250404\100MEDIA\DSCF0168.AVI,True,False
D:\temp\trail_cam\DCIM_241110_250404\100MEDIA\DSCF0169.AVI,True,False
D:\temp\trail_cam\DCIM_241110_250404\100MEDIA\DSCF0170.AVI,True,False
D:\temp\trail_cam\DCIM_241110_250404\100MEDIA\DSCF0171.AVI,True,False
D:\temp\trail_cam\DCIM_241110_250404\100MEDIA\DSCF0172.AVI,True,False
D:\temp\trail_cam\DCIM_241110_250404\100MEDIA\DSCF0173.AVI,True,False
D:\temp\trail_cam\DCIM_241110_250404\100MEDIA\DSCF0174.AVI,True,False
D:\temp\trail_cam\DCIM_241110_250404\100MEDIA\DSCF0175.AVI,True,True
D:\temp\trail_cam\DCIM_241110_250404\100MEDIA\DSCF0176.AVI,True,True
D:\temp\trail_cam\DCIM_241110_250404\100MEDIA\DSCF0177.AVI,True,True
D:\temp\trail_cam\DCIM_241110_250404\100MEDIA\DSCF0178.AVI,True,True
D:\temp\trail_cam\DCIM_241110_250404\100MEDIA\DSCF0179.AVI,True,False
D:\temp\trail_cam\DCIM_241110_250404\100MEDIA\DSCF0180.AVI,True,False
D:\temp\trail_cam\DCIM_241110_250404\100MEDIA\DSCF0181.AVI,True,True
D:\temp\trail_cam\DCIM_241110_250404\100MEDIA\DSCF0182.AVI,True,True
D:\temp\trail_cam\DCIM_241110_250404\100MEDIA\DSCF0183.AVI,True,True
D:\temp\trail_cam\DCIM_241110_250404\100MEDIA\DSCF0184.AVI,True,True
D:\temp\trail_cam\DCIM_241110_250404\100MEDIA\DSCF0185.AVI,True,True
D:\temp\trail_cam\DCIM_241110_250404\100MEDIA\DSCF0186.AVI,True,True
D:\temp\trail_cam\DCIM_241110_250404\100MEDIA\DSCF0187.AVI,True,True
D:\temp\trail_cam\DCIM_241110_250404\100MEDIA\DSCF0188.AVI,True,False
D:\temp\trail_cam\DCIM_241110_250404\100MEDIA\DSCF0189.AVI,True,False
D:\temp\trail_cam\DCIM_241110_250404\100MEDIA\DSCF0190.AVI,True,True
D:\temp\trail_cam\DCIM_241110_250404\100MEDIA\DSCF0191.AVI,True,True
D:\temp\trail_cam\DCIM_241110_250404\100MEDIA\DSCF0192.AVI,True,True
D:\temp\trail_cam\DCIM_241110_250404\100MEDIA\DSCF0193.AVI,True,True
D:\temp\trail_cam\DCIM_241110_250404\100MEDIA\DSCF0194.AVI,True,False
D:\temp\trail_cam\DCIM_241110_250404\100MEDIA\DSCF0195.AVI,True,True
D:\temp\trail_cam\DCIM_241110_250404\100MEDIA\DSCF0196.AVI,True,True
D:\temp\trail_cam\DCIM_241110_250404\100MEDIA\DSCF0197.AVI,True,False
D:\temp\trail_cam\DCIM_241110_250404\100MEDIA\DSCF0198.AVI,True,True
D:\temp\trail_cam\DCIM_241110_250404\100MEDIA\DSCF0199.AVI,True,False
D:\temp\trail_cam\DCIM_241110_250404\100MEDIA\DSCF0200.AVI,True,True
D:\temp\trail_cam\DCIM_241110_250404\100MEDIA\DSCF0201.AVI,True,True
D:\temp\trail_cam\DCIM_241110_250404\100MEDIA\DSCF0202.AVI,True,True
D:\temp\trail_cam\DCIM_241110_250404\100MEDIA\DSCF0203.AVI,True,True
D:\temp\trail_cam\DCIM_241110_250404\100MEDIA\DSCF0204.AVI,True,False
D:\temp\trail_cam\DCIM_241110_250404\100MEDIA\DSCF0205.AVI,False,False
D:\temp\trail_cam\DCIM_241110_250404\100MEDIA\DSCF0206.AVI,True,True
D:\temp\trail_cam\DCIM_241110_250404\100MEDIA\DSCF0207.AVI,True,True
D:\temp\trail_cam\DCIM_241110_250404\100MEDIA\DSCF0208.AVI,True,True
D:\temp\trail_cam\DCIM_241110_250404\100MEDIA\DSCF0209.AVI,True,False
D:\temp\trail_cam\DCIM_241110_250404\100MEDIA\DSCF0210.AVI,True,True
D:\temp\trail_cam\DCIM_241110_250404\100MEDIA\DSCF0211.AVI,True,True
D:\temp\trail_cam\DCIM_241110_250404\100MEDIA\DSCF0212.AVI,True,True
D:\temp\trail_cam\DCIM_241110_250404\100MEDIA\DSCF0213.AVI,True,False
D:\temp\trail_cam\DCIM_241110_250404\100MEDIA\DSCF0214.AVI,True,True
D:\temp\trail_cam\DCIM_241110_250404\100MEDIA\DSCF0215.AVI,True,False
D:\temp\trail_cam\DCIM_241110_250404\100MEDIA\DSCF0216.AVI,True,True
D:\temp\trail_cam\DCIM_241110_250404\100MEDIA\DSCF0217.AVI,True,True
D:\temp\trail_cam\DCIM_241110_250404\100MEDIA\DSCF0218.AVI,True,False
D:\temp\trail_cam\DCIM_241110_250404\100MEDIA\DSCF0219.AVI,True,False
D:\temp\trail_cam\DCIM_241110_250404\100MEDIA\DSCF0220.AVI,True,False
D:\temp\trail_cam\DCIM_241110_250404\100MEDIA\DSCF0221.AVI,True,True
D:\temp\trail_cam\DCIM_241110_250404\100MEDIA\DSCF0222.AVI,True,True
D:\temp\trail_cam\DCIM_241110_250404\100MEDIA\DSCF0223.AVI,True,False
D:\temp\trail_cam\DCIM_241110_250404\100MEDIA\DSCF0224.AVI,True,True
D:\temp\trail_cam\DCIM_241110_250404\100MEDIA\DSCF0225.AVI,True,False
D:\temp\trail_cam\DCIM_241110_250404\100MEDIA\DSCF0226.AVI,True,True
D:\temp\trail_cam\DCIM_241110_250404\100MEDIA\DSCF0227.AVI,True,True
D:\temp\trail_cam\DCIM_241110_250404\100MEDIA\DSCF0228.AVI,True,True
D:\temp\trail_cam\DCIM_241110_250404\100MEDIA\DSCF0229.AVI,True,True
D:\temp\trail_cam\DCIM_241110_250404\100MEDIA\DSCF0230.AVI,True,True
D:\temp\trail_cam\DCIM_241110_250404\100MEDIA\DSCF0231.AVI,True,True
D:\temp\trail_cam\DCIM_241110_250404\100MEDIA\DSCF0232.AVI,True,True
D:\temp\trail_cam\DCIM_241110_250404\100MEDIA\DSCF0233.AVI,True,False
D:\temp\trail_cam\DCIM_241110_250404\100MEDIA\DSCF0234.AVI,True,False
D:\temp\trail_cam\DCIM_241110_250404\100MEDIA\DSCF0235.AVI,True,True
D:\temp\trail_cam\DCIM_241110_250404\100MEDIA\DSCF0236.AVI,True,True
D:\temp\trail_cam\DCIM_241110_250404\100MEDIA\DSCF0237.AVI,True,False
D:\temp\trail_cam\DCIM_241110_250404\100MEDIA\DSCF0238.AVI,True,True
D:\temp\trail_cam\DCIM_241110_250404\100MEDIA\DSCF0239.AVI,True,True
D:\temp\trail_cam\DCIM_241110_250404\100MEDIA\DSCF0240.AVI,True,True
D:\temp\trail_cam\DCIM_241110_250404\100MEDIA\DSCF0241.AVI,True,False
D:\temp\trail_cam\DCIM_241110_250404\100MEDIA\DSCF0242.AVI,True,False
D:\temp\trail_cam\DCIM_241110_250404\100MEDIA\DSCF0243.AVI,True,False
D:\temp\trail_cam\DCIM_241110_250404\100MEDIA\DSCF0244.AVI,True,False
D:\temp\trail_cam\DCIM_241110_250404\100MEDIA\DSCF0245.AVI,True,False
D:\temp\trail_cam\DCIM_241110_250404\100MEDIA\DSCF0246.AVI,True,False
D:\temp\trail_cam\DCIM_241110_250404\100MEDIA\DSCF0247.AVI,True,False
D:\temp\trail_cam\DCIM_241110_250404\100MEDIA\DSCF0248.AVI,True,False
D:\temp\trail_cam\DCIM_241110_250404\100MEDIA\DSCF0249.AVI,True,False
D:\temp\trail_cam\DCIM_241110_250404\100MEDIA\DSCF0250.AVI,True,False
D:\temp\trail_cam\DCIM_241110_250404\100MEDIA\DSCF0251.AVI,True,False
D:\temp\trail_cam\DCIM_241110_250404\100MEDIA\DSCF0252.AVI,True,False
D:\temp\trail_cam\DCIM_241110_250404\100MEDIA\DSCF0253.AVI,True,True
D:\temp\trail_cam\DCIM_241110_250404\100MEDIA\DSCF0254.AVI,True,True
D:\temp\trail_cam\DCIM_241110_250404\100MEDIA\DSCF0255.AVI,True,True
D:\temp\trail_cam\DCIM_241110_250404\100MEDIA\DSCF0256.AVI,True,True
D:\temp\trail_cam\DCIM_241110_250404\100MEDIA\DSCF0257.AVI,True,True
D:\temp\trail_cam\DCIM_241110_250404\100MEDIA\DSCF0258.AVI,True,True
D:\temp\trail_cam\DCIM_241110_250404\100MEDIA\DSCF0259.AVI,True,True
D:\temp\trail_cam\DCIM_241110_250404\100MEDIA\DSCF0260.AVI,True,True
D:\temp\trail_cam\DCIM_241110_250404\100MEDIA\DSCF0261.AVI,True,True
D:\temp\trail_cam\DCIM_241110_250404\100MEDIA\DSCF0262.AVI,True,True
D:\temp\trail_cam\DCIM_241110_250404\100MEDIA\DSCF0263.AVI,True,True
D:\temp\trail_cam\DCIM_241110_250404\100MEDIA\DSCF0264.AVI,True,True
D:\temp\trail_cam\DCIM_241110_250404\100MEDIA\DSCF0265.AVI,True,True
D:\temp\trail_cam\DCIM_241110_250404\100MEDIA\DSCF0266.AVI,True,True
D:\temp\trail_cam\DCIM_241110_250404\100MEDIA\DSCF0267.AVI,True,True
D:\temp\trail_cam\DCIM_241110_250404\100MEDIA\DSCF0268.AVI,True,True
D:\temp\trail_cam\DCIM_241110_250404\100MEDIA\DSCF0269.AVI,True,True
D:\temp\trail_cam\DCIM_241110_250404\100MEDIA\DSCF0270.AVI,True,True
D:\temp\trail_cam\DCIM_241110_250404\100MEDIA\DSCF0271.AVI,True,True
D:\temp\trail_cam\DCIM_241110_250404\100MEDIA\DSCF0272.AVI,True,True
D:\temp\trail_cam\DCIM_241110_250404\100MEDIA\DSCF0273.AVI,True,True
D:\temp\trail_cam\DCIM_241110_250404\100MEDIA\DSCF0274.AVI,True,False
D:\temp\trail_cam\DCIM_241110_250404\100MEDIA\DSCF0275.AVI,True,True
D:\temp\trail_cam\DCIM_241110_250404\100MEDIA\DSCF0276.AVI,True,True
D:\temp\trail_cam\DCIM_241110_250404\100MEDIA\DSCF0277.AVI,True,True
D:\temp\trail_cam\DCIM_241110_250404\100MEDIA\DSCF0278.AVI,True,True
D:\temp\trail_cam\DCIM_241110_250404\100MEDIA\DSCF0279.AVI,True,False
D:\temp\trail_cam\DCIM_241110_250404\100MEDIA\DSCF0280.AVI,True,False
D:\temp\trail_cam\DCIM_241110_250404\100MEDIA\DSCF0281.AVI,True,False
D:\temp\trail_cam\DCIM_241110_250404\100MEDIA\DSCF0282.AVI,True,False
D:\temp\trail_cam\DCIM_241110_250404\100MEDIA\DSCF0283.AVI,True,True
D:\temp\trail_cam\DCIM_241110_250404\100MEDIA\DSCF0284.AVI,True,False
D:\temp\trail_cam\DCIM_241110_250404\100MEDIA\DSCF0285.AVI,True,False
D:\temp\trail_cam\DCIM_241110_250404\100MEDIA\DSCF0286.AVI,True,False
D:\temp\trail_cam\DCIM_241110_250404\100MEDIA\DSCF0287.AVI,True,False
D:\temp\trail_cam\DCIM_241110_250404\100MEDIA\DSCF0288.AVI,False,False
D:\temp\trail_cam\DCIM_241110_250404\100MEDIA\DSCF0289.AVI,True,True
D:\temp\trail_cam\DCIM_241110_250404\100MEDIA\DSCF0290.AVI,True,True
D:\temp\trail_cam\DCIM_241110_250404\100MEDIA\DSCF0291.AVI,True,True
D:\temp\trail_cam\DCIM_241110_250404\100MEDIA\DSCF0292.AVI,True,True
D:\temp\trail_cam\DCIM_241110_250404\100MEDIA\DSCF0293.AVI,True,True
D:\temp\trail_cam\DCIM_241110_250404\100MEDIA\DSCF0294.AVI,True,True
D:\temp\trail_cam\DCIM_241110_250404\100MEDIA\DSCF0295.AVI,True,True
D:\temp\trail_cam\DCIM_241110_250404\100MEDIA\DSCF0296.AVI,True,True
D:\temp\trail_cam\DCIM_241110_250404\100MEDIA\DSCF0297.AVI,True,True
D:\temp\trail_cam\DCIM_241110_250404\100MEDIA\DSCF0298.AVI,True,True
D:\temp\trail_cam\DCIM_241110_250404\100MEDIA\DSCF0299.AVI,True,True
D:\temp\trail_cam\DCIM_241110_250404\100MEDIA\DSCF0300.AVI,True,True
D:\temp\trail_cam\DCIM_241110_250404\100MEDIA\DSCF0301.AVI,True,True
D:\temp\trail_cam\DCIM_241110_250404\100MEDIA\DSCF0302.AVI,True,True
D:\temp\trail_cam\DCIM_241110_250404\100MEDIA\DSCF0303.AVI,True,True
D:\temp\trail_cam\DCIM_241110_250404\100MEDIA\DSCF0304.AVI,True,False
D:\temp\trail_cam\DCIM_241110_250404\100MEDIA\DSCF0305.AVI,True,True
D:\temp\trail_cam\DCIM_241110_250404\100MEDIA\DSCF0306.AVI,True,False
D:\temp\trail_cam\DCIM_241110_250404\100MEDIA\DSCF0307.AVI,True,False
D:\temp\trail_cam\DCIM_241110_250404\100MEDIA\DSCF0308.AVI,True,False
D:\temp\trail_cam\DCIM_241110_250404\100MEDIA\DSCF0309.AVI,True,True
D:\temp\trail_cam\DCIM_241110_250404\100MEDIA\DSCF0310.AVI,True,True
D:\temp\trail_cam\DCIM_241110_250404\100MEDIA\DSCF0311.AVI,True,True
D:\temp\trail_cam\DCIM_241110_250404\100MEDIA\DSCF0312.AVI,True,True
D:\temp\trail_cam\DCIM_241110_250404\100MEDIA\DSCF0313.AVI,True,True
D:\temp\trail_cam\DCIM_241110_250404\100MEDIA\DSCF0314.AVI,True,True
D:\temp\trail_cam\DCIM_241110_250404\100MEDIA\DSCF0315.AVI,True,True
D:\temp\trail_cam\DCIM_241110_250404\100MEDIA\DSCF0316.AVI,True,True
D:\temp\trail_cam\DCIM_241110_250404\100MEDIA\DSCF0317.AVI,True,True
D:\temp\trail_cam\DCIM_241110_250404\100MEDIA\DSCF0318.AVI,True,True
D:\temp\trail_cam\DCIM_241110_250404\100MEDIA\DSCF0319.AVI,True,True
D:\temp\trail_cam\DCIM_241110_250404\100MEDIA\DSCF0320.AVI,True,True
D:\temp\trail_cam\DCIM_241110_250404\100MEDIA\DSCF0321.AVI,True,False
D:\temp\trail_cam\DCIM_241110_250404\100MEDIA\DSCF0322.AVI,True,True
D:\temp\trail_cam\DCIM_241110_250404\100MEDIA\DSCF0323.AVI,True,True
D:\temp\trail_cam\DCIM_241110_250404\100MEDIA\DSCF0324.AVI,True,True
D:\temp\trail_cam\DCIM_241110_250404\100MEDIA\DSCF0325.AVI,True,False
D:\temp\trail_cam\DCIM_241110_250404\100MEDIA\DSCF0326.AVI,True,False
D:\temp\trail_cam\DCIM_241110_250404\100MEDIA\DSCF0327.AVI,True,False
D:\temp\trail_cam\DCIM_241110_250404\100MEDIA\DSCF0328.AVI,True,False
D:\temp\trail_cam\DCIM_241110_250404\100MEDIA\DSCF0329.AVI,True,True
D:\temp\trail_cam\DCIM_241110_250404\100MEDIA\DSCF0330.AVI,True,True
D:\temp\trail_cam\DCIM_241110_250404\100MEDIA\DSCF0331.AVI,True,True
D:\temp\trail_cam\DCIM_241110_250404\100MEDIA\DSCF0332.AVI,True,True
D:\temp\trail_cam\DCIM_241110_250404\100MEDIA\DSCF0333.AVI,True,True
D:\temp\trail_cam\DCIM_241110_250404\100MEDIA\DSCF0334.AVI,True,True
D:\temp\trail_cam\DCIM_241110_250404\100MEDIA\DSCF0335.AVI,True,True
D:\temp\trail_cam\DCIM_241110_250404\100MEDIA\DSCF0336.AVI,True,False
D:\temp\trail_cam\DCIM_241110_250404\100MEDIA\DSCF0337.AVI,True,True
D:\temp\trail_cam\DCIM_241110_250404\100MEDIA\DSCF0338.AVI,True,True
D:\temp\trail_cam\DCIM_241110_250404\100MEDIA\DSCF0339.AVI,True,True
D:\temp\trail_cam\DCIM_241110_250404\100MEDIA\DSCF0340.AVI,True,False
D:\temp\trail_cam\DCIM_241110_250404\100MEDIA\DSCF0341.AVI,True,True
D:\temp\trail_cam\DCIM_241110_250404\100MEDIA\DSCF0342.AVI,True,False
D:\temp\trail_cam\DCIM_241110_250404\100MEDIA\DSCF0343.AVI,True,True
D:\temp\trail_cam\DCIM_241110_250404\100MEDIA\DSCF0344.AVI,True,False
D:\temp\trail_cam\DCIM_241110_250404\100MEDIA\DSCF0345.AVI,True,True
D:\temp\trail_cam\DCIM_241110_250404\100MEDIA\DSCF0346.AVI,True,True
D:\temp\trail_cam\DCIM_241110_250404\100MEDIA\DSCF0347.AVI,True,True
D:\temp\trail_cam\DCIM_241110_250404\100MEDIA\DSCF0348.AVI,True,True
D:\temp\trail_cam\DCIM_241110_250404\100MEDIA\DSCF0349.AVI,True,True
D:\temp\trail_cam\DCIM_241110_250404\100MEDIA\DSCF0350.AVI,True,True
D:\temp\trail_cam\DCIM_241110_250404\100MEDIA\DSCF0351.AVI,True,False
D:\temp\trail_cam\DCIM_241110_250404\100MEDIA\DSCF0352.AVI,True,True
D:\temp\trail_cam\DCIM_241110_250404\100MEDIA\DSCF0353.AVI,True,True
D:\temp\trail_cam\DCIM_241110_250404\100MEDIA\DSCF0354.AVI,True,True
D:\temp\trail_cam\DCIM_241110_250404\100MEDIA\DSCF0355.AVI,True,True
D:\temp\trail_cam\DCIM_241110_250404\100MEDIA\DSCF0356.AVI,True,True
D:\temp\trail_cam\DCIM_241110_250404\100MEDIA\DSCF0357.AVI,True,True
D:\temp\trail_cam\DCIM_241110_250404\100MEDIA\DSCF0358.AVI,True,False
D:\temp\trail_cam\DCIM_241110_250404\100MEDIA\DSCF0359.AVI,True,False
D:\temp\trail_cam\DCIM_241110_250404\100MEDIA\DSCF0360.AVI,True,True
D:\temp\trail_cam\DCIM_241110_250404\100MEDIA\DSCF0361.AVI,True,True
D:\temp\trail_cam\DCIM_241110_250404\100MEDIA\DSCF0362.AVI,True,True
D:\temp\trail_cam\DCIM_241110_250404\100MEDIA\DSCF0363.AVI,True,True
D:\temp\trail_cam\DCIM_241110_250404\100MEDIA\DSCF0364.AVI,True,True
D:\temp\trail_cam\DCIM_241110_250404\100MEDIA\DSCF0365.AVI,True,True
D:\temp\trail_cam\DCIM_241110_250404\100MEDIA\DSCF0366.AVI,True,False
D:\temp\trail_cam\DCIM_241110_250404\100MEDIA\DSCF0367.AVI,True,False
D:\temp\trail_cam\DCIM_241110_250404\100MEDIA\DSCF0368.AVI,True,False
D:\temp\trail_cam\DCIM_241110_250404\100MEDIA\DSCF0369.AVI,True,False
D:\temp\trail_cam\DCIM_241110_250404\100MEDIA\DSCF0370.AVI,True,False
D:\temp\trail_cam\DCIM_241110_250404\100MEDIA\DSCF0371.AVI,True,False
D:\temp\trail_cam\DCIM_241110_250404\100MEDIA\DSCF0372.AVI,True,False
D:\temp\trail_cam\DCIM_241110_250404\100MEDIA\DSCF0373.AVI,True,False
D:\temp\trail_cam\DCIM_241110_250404\100MEDIA\DSCF0374.AVI,True,False
D:\temp\trail_cam\DCIM_241110_250404\100MEDIA\DSCF0375.AVI,True,True
D:\temp\trail_cam\DCIM_241110_250404\100MEDIA\DSCF0376.AVI,True,True
D:\temp\trail_cam\DCIM_241110_250404\100MEDIA\DSCF0377.AVI,True,True
D:\temp\trail_cam\DCIM_241110_250404\100MEDIA\DSCF0378.AVI,True,True
D:\temp\trail_cam\DCIM_241110_250404\100MEDIA\DSCF0379.AVI,True,False
D:\temp\trail_cam\DCIM_241110_250404\100MEDIA\DSCF0380.AVI,True,True
D:\temp\trail_cam\DCIM_241110_250404\100MEDIA\DSCF0381.AVI,True,True
D:\temp\trail_cam\DCIM_241110_250404\100MEDIA\DSCF0382.AVI,True,True
D:\temp\trail_cam\DCIM_241110_250404\100MEDIA\DSCF0383.AVI,True,True
D:\temp\trail_cam\DCIM_241110_250404\100MEDIA\DSCF0384.AVI,True,True
D:\temp\trail_cam\DCIM_241110_250404\100MEDIA\DSCF0385.AVI,True,False
D:\temp\trail_cam\DCIM_241110_250404\100MEDIA\DSCF0386.AVI,True,False
D:\temp\trail_cam\DCIM_241110_250404\100MEDIA\DSCF0387.AVI,True,False
D:\temp\trail_cam\DCIM_241110_250404\100MEDIA\DSCF0388.AVI,True,False
D:\temp\trail_cam\DCIM_241110_250404\100MEDIA\DSCF0389.AVI,True,False
D:\temp\trail_cam\DCIM_241110_250404\100MEDIA\DSCF0390.AVI,True,False
D:\temp\trail_cam\DCIM_241110_250404\100MEDIA\DSCF0391.AVI,True,False
D:\temp\trail_cam\DCIM_241110_250404\100MEDIA\DSCF0392.AVI,True,False
D:\temp\trail_cam\DCIM_241110_250404\100MEDIA\DSCF0393.AVI,True,False
D:\temp\trail_cam\DCIM_241110_250404\100MEDIA\DSCF0394.AVI,True,False
D:\temp\trail_cam\DCIM_241110_250404\100MEDIA\DSCF0395.AVI,True,False
D:\temp\trail_cam\DCIM_241110_250404\100MEDIA\DSCF0396.AVI,True,False
D:\temp\trail_cam\DCIM_241110_250404\100MEDIA\DSCF0397.AVI,True,False
D:\temp\trail_cam\DCIM_241110_250404\100MEDIA\DSCF0398.AVI,True,False
D:\temp\trail_cam\DCIM_241110_250404\100MEDIA\DSCF0399.AVI,True,False
D:\temp\trail_cam\DCIM_241110_250404\100MEDIA\DSCF0400.AVI,True,False
D:\temp\trail_cam\DCIM_241110_250404\100MEDIA\DSCF0401.AVI,True,False
D:\temp\trail_cam\DCIM_241110_250404\100MEDIA\DSCF0402.AVI,True,False
D:\temp\trail_cam\DCIM_241110_250404\100MEDIA\DSCF0403.AVI,True,False
D:\temp\trail_cam\DCIM_241110_250404\100MEDIA\DSCF0404.AVI,True,False
D:\temp\trail_cam\DCIM_241110_250404\100MEDIA\DSCF0405.AVI,True,False
D:\temp\trail_cam\DCIM_241110_250404\100MEDIA\DSCF0406.AVI,True,False
D:\temp\trail_cam\DCIM_241110_250404\100MEDIA\DSCF0407.AVI,True,False
D:\temp\trail_cam\DCIM_241110_250404\100MEDIA\DSCF0408.AVI,True,False
D:\temp\trail_cam\DCIM_241110_250404\100MEDIA\DSCF0409.AVI,True,False
D:\temp\trail_cam\DCIM_241110_250404\100MEDIA\DSCF0410.AVI,True,False
D:\temp\trail_cam\DCIM_241110_250404\100MEDIA\DSCF0411.AVI,True,False
D:\temp\trail_cam\DCIM_241110_250404\100MEDIA\DSCF0412.AVI,True,False
D:\temp\trail_cam\DCIM_241110_250404\100MEDIA\DSCF0413.AVI,True,False
D:\temp\trail_cam\DCIM_241110_250404\100MEDIA\DSCF0414.AVI,True,False
D:\temp\trail_cam\DCIM_241110_250404\100MEDIA\DSCF0415.AVI,True,False
D:\temp\trail_cam\DCIM_241110_250404\100MEDIA\DSCF0416.AVI,True,False
D:\temp\trail_cam\DCIM_241110_250404\100MEDIA\DSCF0417.AVI,True,False
D:\temp\trail_cam\DCIM_241110_250404\100MEDIA\DSCF0418.AVI,True,False
D:\temp\trail_cam\DCIM_241110_250404\100MEDIA\DSCF0419.AVI,True,False
D:\temp\trail_cam\DCIM_241110_250404\100MEDIA\DSCF0420.AVI,True,False
D:\temp\trail_cam\DCIM_241110_250404\100MEDIA\DSCF0421.AVI,True,False
D:\temp\trail_cam\DCIM_241110_250404\100MEDIA\DSCF0422.AVI,True,False
D:\temp\trail_cam\DCIM_241110_250404\100MEDIA\DSCF0423.AVI,True,False
D:\temp\trail_cam\DCIM_241110_250404\100MEDIA\DSCF0424.AVI,True,False
D:\temp\trail_cam\DCIM_241110_250404\100MEDIA\DSCF0425.AVI,True,False
D:\temp\trail_cam\DCIM_241110_250404\100MEDIA\DSCF0426.AVI,True,False
D:\temp\trail_cam\DCIM_241110_250404\100MEDIA\DSCF0427.AVI,True,False
D:\temp\trail_cam\DCIM_241110_250404\100MEDIA\DSCF0428.AVI,True,False
D:\temp\trail_cam\DCIM_241110_250404\100MEDIA\DSCF0429.AVI,True,False
D:\temp\trail_cam\DCIM_241110_250404\100MEDIA\DSCF0430.AVI,True,False
D:\temp\trail_cam\DCIM_241110_250404\100MEDIA\DSCF0431.AVI,True,False
D:\temp\trail_cam\DCIM_241110_250404\100MEDIA\DSCF0432.AVI,True,False
D:\temp\trail_cam\DCIM_241110_250404\100MEDIA\DSCF0433.AVI,True,False
D:\temp\trail_cam\DCIM_241110_250404\100MEDIA\DSCF0434.AVI,True,False
D:\temp\trail_cam\DCIM_241110_250404\100MEDIA\DSCF0435.AVI,True,False
D:\temp\trail_cam\DCIM_241110_250404\100MEDIA\DSCF0436.AVI,True,False
D:\temp\trail_cam\DCIM_241110_250404\100MEDIA\DSCF0437.AVI,True,False
D:\temp\trail_cam\DCIM_241110_250404\100MEDIA\DSCF0438.AVI,True,False
D:\temp\trail_cam\DCIM_241110_250404\100MEDIA\DSCF0439.AVI,True,False
D:\temp\trail_cam\DCIM_241110_250404\100MEDIA\DSCF0440.AVI,True,False
D:\temp\trail_cam\DCIM_241110_250404\100MEDIA\DSCF0441.AVI,True,False
D:\temp\trail_cam\DCIM_241110_250404\100MEDIA\DSCF0442.AVI,True,False
D:\temp\trail_cam\DCIM_241110_250404\100MEDIA\DSCF0443.AVI,True,False
D:\temp\trail_cam\DCIM_241110_250404\100MEDIA\DSCF0444.AVI,True,False
D:\temp\trail_cam\DCIM_241110_250404\100MEDIA\DSCF0445.AVI,True,False
D:\temp\trail_cam\DCIM_241110_250404\100MEDIA\DSCF0446.AVI,True,False
D:\temp\trail_cam\DCIM_241110_250404\100MEDIA\DSCF0447.AVI,True,False
D:\temp\trail_cam\DCIM_241110_250404\100MEDIA\DSCF0448.AVI,True,False
D:\temp\trail_cam\DCIM_241110_250404\100MEDIA\DSCF0449.AVI,True,False
D:\temp\trail_cam\DCIM_241110_250404\100MEDIA\DSCF0450.AVI,True,False
D:\temp\trail_cam\DCIM_241110_250404\100MEDIA\DSCF0451.AVI,True,False
D:\temp\trail_cam\DCIM_241110_250404\100MEDIA\DSCF0452.AVI,True,False
D:\temp\trail_cam\DCIM_241110_250404\100MEDIA\DSCF0453.AVI,True,False
D:\temp\trail_cam\DCIM_241110_250404\100MEDIA\DSCF0454.AVI,True,False
D:\temp\trail_cam\DCIM_241110_250404\100MEDIA\DSCF0455.AVI,True,False
D:\temp\trail_cam\DCIM_241110_250404\100MEDIA\DSCF0456.AVI,True,False
D:\temp\trail_cam\DCIM_241110_250404\100MEDIA\DSCF0457.AVI,True,False
D:\temp\trail_cam\DCIM_241110_250404\100MEDIA\DSCF0458.AVI,True,False
D:\temp\trail_cam\DCIM_241110_250404\100MEDIA\DSCF0459.AVI,True,False
D:\temp\trail_cam\DCIM_241110_250404\100MEDIA\DSCF0460.AVI,True,False
D:\temp\trail_cam\DCIM_241110_250404\100MEDIA\DSCF0461.AVI,True,False
D:\temp\trail_cam\DCIM_241110_250404\100MEDIA\DSCF0462.AVI,True,False
D:\temp\trail_cam\DCIM_241110_250404\100MEDIA\DSCF0463.AVI,True,False
D:\temp\trail_cam\DCIM_241110_250404\100MEDIA\DSCF0464.AVI,True,False
D:\temp\trail_cam\DCIM_241110_250404\100MEDIA\DSCF0465.AVI,True,False
D:\temp\trail_cam\DCIM_241110_250404\100MEDIA\DSCF0466.AVI,True,False
D:\temp\trail_cam\DCIM_241110_250404\100MEDIA\DSCF0467.AVI,True,False
D:\temp\trail_cam\DCIM_241110_250404\100MEDIA\DSCF0468.AVI,True,False
D:\temp\trail_cam\DCIM_241110_250404\100MEDIA\DSCF0469.AVI,True,False
D:\temp\trail_cam\DCIM_241110_250404\100MEDIA\DSCF0470.AVI,True,False
D:\temp\trail_cam\DCIM_241110_250404\100MEDIA\DSCF0471.AVI,True,False
D:\temp\trail_cam\DCIM_241110_250404\100MEDIA\DSCF0472.AVI,True,False
D:\temp\trail_cam\DCIM_241110_250404\100MEDIA\DSCF0473.AVI,True,False
D:\temp\trail_cam\DCIM_241110_250404\100MEDIA\DSCF0474.AVI,True,False
D:\temp\trail_cam\DCIM_241110_250404\100MEDIA\DSCF0475.AVI,True,True
D:\temp\trail_cam\DCIM_241110_250404\100MEDIA\DSCF0476.AVI,True,True
D:\temp\trail_cam\DCIM_241110_250404\100MEDIA\DSCF0477.AVI,True,True
D:\temp\trail_cam\DCIM_241110_250404\100MEDIA\DSCF0478.AVI,True,True
D:\temp\trail_cam\DCIM_241110_250404\100MEDIA\DSCF0479.AVI,True,True
D:\temp\trail_cam\DCIM_241110_250404\100MEDIA\DSCF0480.AVI,True,True
D:\temp\trail_cam\DCIM_241110_250404\100MEDIA\DSCF0481.AVI,True,False
D:\temp\trail_cam\DCIM_241110_250404\100MEDIA\DSCF0482.AVI,True,True
D:\temp\trail_cam\DCIM_241110_250404\100MEDIA\DSCF0483.AVI,True,True
D:\temp\trail_cam\DCIM_241110_250404\100MEDIA\DSCF0484.AVI,True,True
D:\temp\trail_cam\DCIM_241110_250404\100MEDIA\DSCF0485.AVI,True,False
D:\temp\trail_cam\DCIM_241110_250404\100MEDIA\DSCF0486.AVI,True,False
D:\temp\trail_cam\DCIM_241110_250404\100MEDIA\DSCF0487.AVI,True,True
D:\temp\trail_cam\DCIM_241110_250404\100MEDIA\DSCF0488.AVI,True,True
D:\temp\trail_cam\DCIM_241110_250404\100MEDIA\DSCF0489.AVI,True,False
D:\temp\trail_cam\DCIM_241110_250404\100MEDIA\DSCF0490.AVI,True,False
D:\temp\trail_cam\DCIM_241110_250404\100MEDIA\DSCF0491.AVI,True,False
D:\temp\trail_cam\DCIM_241110_250404\100MEDIA\DSCF0492.AVI,True,False
D:\temp\trail_cam\DCIM_241110_250404\100MEDIA\DSCF0493.AVI,True,True
D:\temp\trail_cam\DCIM_241110_250404\100MEDIA\DSCF0494.AVI,True,False
D:\temp\trail_cam\DCIM_241110_250404\100MEDIA\DSCF0495.AVI,True,False
D:\temp\trail_cam\DCIM_241110_250404\100MEDIA\DSCF0496.AVI,True,False
D:\temp\trail_cam\DCIM_241110_250404\100MEDIA\DSCF0497.AVI,True,False
D:\temp\trail_cam\DCIM_241110_250404\100MEDIA\DSCF0498.AVI,True,False
D:\temp\trail_cam\DCIM_241110_250404\100MEDIA\DSCF0499.AVI,True,False
D:\temp\trail_cam\DCIM_241110_250404\100MEDIA\DSCF0500.AVI,True,False
D:\temp\trail_cam\DCIM_241110_250404\100MEDIA\DSCF0501.AVI,True,False
D:\temp\trail_cam\DCIM_241110_250404\100MEDIA\DSCF0502.AVI,True,False
D:\temp\trail_cam\DCIM_241110_250404\100MEDIA\DSCF0503.AVI,True,False
D:\temp\trail_cam\DCIM_241110_250404\100MEDIA\DSCF0504.AVI,True,False
D:\temp\trail_cam\DCIM_241110_250404\100MEDIA\DSCF0505.AVI,True,True
D:\temp\trail_cam\DCIM_241110_250404\100MEDIA\DSCF0506.AVI,True,False
D:\temp\trail_cam\DCIM_241110_250404\100MEDIA\DSCF0507.AVI,True,False
D:\temp\trail_cam\DCIM_241110_250404\100MEDIA\DSCF0508.AVI,True,False
D:\temp\trail_cam\DCIM_241110_250404\100MEDIA\DSCF0509.AVI,True,False
D:\temp\trail_cam\DCIM_241110_250404\100MEDIA\DSCF0510.AVI,True,False
D:\temp\trail_cam\DCIM_241110_250404\100MEDIA\DSCF0511.AVI,True,False
D:\temp\trail_cam\DCIM_241110_250404\100MEDIA\DSCF0512.AVI,True,False
D:\temp\trail_cam\DCIM_241110_250404\100MEDIA\DSCF0513.AVI,True,False
D:\temp\trail_cam\DCIM_241110_250404\100MEDIA\DSCF0514.AVI,True,False
D:\temp\trail_cam\DCIM_241110_250404\100MEDIA\DSCF0515.AVI,True,False
D:\temp\trail_cam\DCIM_241110_250404\100MEDIA\DSCF0516.AVI,True,False
D:\temp\trail_cam\DCIM_241110_250404\100MEDIA\DSCF0517.AVI,True,True
D:\temp\trail_cam\DCIM_241110_250404\100MEDIA\DSCF0518.AVI,True,False
D:\temp\trail_cam\DCIM_241110_250404\100MEDIA\DSCF0519.AVI,True,False
D:\temp\trail_cam\DCIM_241110_250404\100MEDIA\DSCF0520.AVI,True,False
D:\temp\trail_cam\DCIM_241110_250404\100MEDIA\DSCF0521.AVI,True,False
D:\temp\trail_cam\DCIM_241110_250404\100MEDIA\DSCF0522.AVI,True,False
D:\temp\trail_cam\DCIM_241110_250404\100MEDIA\DSCF0523.AVI,True,False
D:\temp\trail_cam\DCIM_241110_250404\100MEDIA\DSCF0524.AVI,True,False
D:\temp\trail_cam\DCIM_241110_250404\100MEDIA\DSCF0525.AVI,True,False
D:\temp\trail_cam\DCIM_241110_250404\100MEDIA\DSCF0526.AVI,True,False
D:\temp\trail_cam\DCIM_241110_250404\100MEDIA\DSCF0527.AVI,True,False
D:\temp\trail_cam\DCIM_241110_250404\100MEDIA\DSCF0528.AVI,True,False
D:\temp\trail_cam\DCIM_241110_250404\100MEDIA\DSCF0529.AVI,True,False
D:\temp\trail_cam\DCIM_241110_250404\100MEDIA\DSCF0530.AVI,True,True
D:\temp\trail_cam\DCIM_241110_250404\100MEDIA\DSCF0531.AVI,True,False
D:\temp\trail_cam\DCIM_241110_250404\100MEDIA\DSCF0532.AVI,True,False
D:\temp\trail_cam\DCIM_241110_250404\100MEDIA\DSCF0533.AVI,True,False
D:\temp\trail_cam\DCIM_241110_250404\100MEDIA\DSCF0534.AVI,True,False
D:\temp\trail_cam\DCIM_241110_250404\100MEDIA\DSCF0535.AVI,True,False
D:\temp\trail_cam\DCIM_241110_250404\100MEDIA\DSCF0536.AVI,True,False
D:\temp\trail_cam\DCIM_241110_250404\100MEDIA\DSCF0537.AVI,True,False
D:\temp\trail_cam\DCIM_241110_250404\100MEDIA\DSCF0538.AVI,True,False
D:\temp\trail_cam\DCIM_241110_250404\100MEDIA\DSCF0539.AVI,True,False
D:\temp\trail_cam\DCIM_241110_250404\100MEDIA\DSCF0540.AVI,True,False
D:\temp\trail_cam\DCIM_241110_250404\100MEDIA\DSCF0541.AVI,True,False
D:\temp\trail_cam\DCIM_241110_250404\100MEDIA\DSCF0542.AVI,True,False
D:\temp\trail_cam\DCIM_241110_250404\100MEDIA\DSCF0543.AVI,True,False
D:\temp\trail_cam\DCIM_241110_250404\100MEDIA\DSCF0544.AVI,True,False
D:\temp\trail_cam\DCIM_241110_250404\100MEDIA\DSCF0545.AVI,True,False
D:\temp\trail_cam\DCIM_241110_250404\100MEDIA\DSCF0546.AVI,True,False
D:\temp\trail_cam\DCIM_241110_250404\100MEDIA\DSCF0547.AVI,True,False
D:\temp\trail_cam\DCIM_241110_250404\100MEDIA\DSCF0548.AVI,True,False
D:\temp\trail_cam\DCIM_241110_250404\100MEDIA\DSCF0549.AVI,True,False
D:\temp\trail_cam\DCIM_241110_250404\100MEDIA\DSCF0550.AVI,True,False
D:\temp\trail_cam\DCIM_241110_250404\100MEDIA\DSCF0551.AVI,True,False
D:\temp\trail_cam\DCIM_241110_250404\100MEDIA\DSCF0552.AVI,True,False
D:\temp\trail_cam\DCIM_241110_250404\100MEDIA\DSCF0553.AVI,True,False
D:\temp\trail_cam\DCIM_241110_250404\100MEDIA\DSCF0554.AVI,True,False
D:\temp\trail_cam\DCIM_241110_250404\100MEDIA\DSCF0555.AVI,True,False
D:\temp\trail_cam\DCIM_241110_250404\100MEDIA\DSCF0556.AVI,True,False
D:\temp\trail_cam\DCIM_241110_250404\100MEDIA\DSCF0557.AVI,True,False
D:\temp\trail_cam\DCIM_241110_250404\100MEDIA\DSCF0558.AVI,True,False
D:\temp\trail_cam\DCIM_241110_250404\100MEDIA\DSCF0559.AVI,True,False
D:\temp\trail_cam\DCIM_241110_250404\100MEDIA\DSCF0560.AVI,True,False
D:\temp\trail_cam\DCIM_241110_250404\100MEDIA\DSCF0561.AVI,True,False
D:\temp\trail_cam\DCIM_241110_250404\100MEDIA\DSCF0562.AVI,True,False
D:\temp\trail_cam\DCIM_241110_250404\100MEDIA\DSCF0563.AVI,True,False
D:\temp\trail_cam\DCIM_241110_250404\100MEDIA\DSCF0564.AVI,True,False
D:\temp\trail_cam\DCIM_241110_250404\100MEDIA\DSCF0565.AVI,True,False
D:\temp\trail_cam\DCIM_241110_250404\100MEDIA\DSCF0566.AVI,True,False
D:\temp\trail_cam\DCIM_241110_250404\100MEDIA\DSCF0567.AVI,True,False
D:\temp\trail_cam\DCIM_241110_250404\100MEDIA\DSCF0568.AVI,True,False
D:\temp\trail_cam\DCIM_241110_250404\100MEDIA\DSCF0569.AVI,True,True
D:\temp\trail_cam\DCIM_241110_250404\100MEDIA\DSCF0570.AVI,True,True
D:\temp\trail_cam\DCIM_241110_250404\100MEDIA\DSCF0571.AVI,True,True
D:\temp\trail_cam\DCIM_241110_250404\100MEDIA\DSCF0572.AVI,True,True
D:\temp\trail_cam\DCIM_241110_250404\100MEDIA\DSCF0573.AVI,True,False
D:\temp\trail_cam\DCIM_241110_250404\100MEDIA\DSCF0574.AVI,True,False
D:\temp\trail_cam\DCIM_241110_250404\100MEDIA\DSCF0575.AVI,True,True
D:\temp\trail_cam\DCIM_241110_250404\100MEDIA\DSCF0576.AVI,True,True
D:\temp\trail_cam\DCIM_241110_250404\100MEDIA\DSCF0577.AVI,True,True
D:\temp\trail_cam\DCIM_241110_250404\100MEDIA\DSCF0578.AVI,True,True
D:\temp\trail_cam\DCIM_241110_250404\100MEDIA\DSCF0579.AVI,True,False
D:\temp\trail_cam\DCIM_241110_250404\100MEDIA\DSCF0580.AVI,True,True
D:\temp\trail_cam\DCIM_241110_250404\100MEDIA\DSCF0581.AVI,True,True
D:\temp\trail_cam\DCIM_241110_250404\100MEDIA\DSCF0582.AVI,True,True
D:\temp\trail_cam\DCIM_241110_250404\100MEDIA\DSCF0583.AVI,True,True
D:\temp\trail_cam\DCIM_241110_250404\100MEDIA\DSCF0584.AVI,True,True
D:\temp\trail_cam\DCIM_241110_250404\100MEDIA\DSCF0585.AVI,True,True
D:\temp\trail_cam\DCIM_241110_250404\100MEDIA\DSCF0586.AVI,True,True
D:\temp\trail_cam\DCIM_241110_250404\100MEDIA\DSCF0587.AVI,True,False
D:\temp\trail_cam\DCIM_241110_250404\100MEDIA\DSCF0588.AVI,True,False
D:\temp\trail_cam\DCIM_241110_250404\100MEDIA\DSCF0589.AVI,True,True
D:\temp\trail_cam\DCIM_241110_250404\100MEDIA\DSCF0590.AVI,True,False
D:\temp\trail_cam\DCIM_241110_250404\100MEDIA\DSCF0591.AVI,True,False
D:\temp\trail_cam\DCIM_241110_250404\100MEDIA\DSCF0592.AVI,True,True
D:\temp\trail_cam\DCIM_241110_250404\100MEDIA\DSCF0593.AVI,True,False
D:\temp\trail_cam\DCIM_241110_250404\100MEDIA\DSCF0594.AVI,True,False
D:\temp\trail_cam\DCIM_241110_250404\100MEDIA\DSCF0595.AVI,True,True
D:\temp\trail_cam\DCIM_241110_250404\100MEDIA\DSCF0596.AVI,True,False
D:\temp\trail_cam\DCIM_241110_250404\100MEDIA\DSCF0597.AVI,True,True
D:\temp\trail_cam\DCIM_241110_250404\100MEDIA\DSCF0598.AVI,True,False
D:\temp\trail_cam\DCIM_241110_250404\100MEDIA\DSCF0599.AVI,True,False
D:\temp\trail_cam\DCIM_241110_250404\100MEDIA\DSCF0600.AVI,True,False
D:\temp\trail_cam\DCIM_241110_250404\100MEDIA\DSCF0601.AVI,True,False
D:\temp\trail_cam\DCIM_241110_250404\100MEDIA\DSCF0602.AVI,True,False
D:\temp\trail_cam\DCIM_241110_250404\100MEDIA\DSCF0603.AVI,True,False
D:\temp\trail_cam\DCIM_241110_250404\100MEDIA\DSCF0604.AVI,True,False
D:\temp\trail_cam\DCIM_241110_250404\100MEDIA\DSCF0605.AVI,True,False
D:\temp\trail_cam\DCIM_241110_250404\100MEDIA\DSCF0606.AVI,True,True
D:\temp\trail_cam\DCIM_241110_250404\100MEDIA\DSCF0607.AVI,True,False
D:\temp\trail_cam\DCIM_241110_250404\100MEDIA\DSCF0608.AVI,True,True
D:\temp\trail_cam\DCIM_241110_250404\100MEDIA\DSCF0609.AVI,True,True
D:\temp\trail_cam\DCIM_241110_250404\100MEDIA\DSCF0610.AVI,True,True
D:\temp\trail_cam\DCIM_241110_250404\100MEDIA\DSCF0611.AVI,True,False
D:\temp\trail_cam\DCIM_241110_250404\100MEDIA\DSCF0612.AVI,True,False
D:\temp\trail_cam\DCIM_241110_250404\100MEDIA\DSCF0613.AVI,True,False
D:\temp\trail_cam\DCIM_241110_250404\100MEDIA\DSCF0614.AVI,True,False
D:\temp\trail_cam\DCIM_241110_250404\100MEDIA\DSCF0615.AVI,True,False
D:\temp\trail_cam\DCIM_241110_250404\100MEDIA\DSCF0616.AVI,True,False
D:\temp\trail_cam\DCIM_241110_250404\100MEDIA\DSCF0617.AVI,True,False
D:\temp\trail_cam\DCIM_241110_250404\100MEDIA\DSCF0618.AVI,True,False
D:\temp\trail_cam\DCIM_241110_250404\100MEDIA\DSCF0619.AVI,True,False
D:\temp\trail_cam\DCIM_241110_250404\100MEDIA\DSCF0620.AVI,True,False
D:\temp\trail_cam\DCIM_241110_250404\100MEDIA\DSCF0621.AVI,True,False
D:\temp\trail_cam\DCIM_241110_250404\100MEDIA\DSCF0622.AVI,True,False
D:\temp\trail_cam\DCIM_241110_250404\100MEDIA\DSCF0623.AVI,True,False
D:\temp\trail_cam\DCIM_241110_250404\100MEDIA\DSCF0624.AVI,True,False
D:\temp\trail_cam\DCIM_241110_250404\100MEDIA\DSCF0625.AVI,True,False
D:\temp\trail_cam\DCIM_241110_250404\100MEDIA\DSCF0626.AVI,True,False
D:\temp\trail_cam\DCIM_241110_250404\100MEDIA\DSCF0627.AVI,True,False
D:\temp\trail_cam\DCIM_241110_250404\100MEDIA\DSCF0628.AVI,True,False
D:\temp\trail_cam\DCIM_241110_250404\100MEDIA\DSCF0629.AVI,True,False
D:\temp\trail_cam\DCIM_241110_250404\100MEDIA\DSCF0630.AVI,True,False
D:\temp\trail_cam\DCIM_241110_250404\100MEDIA\DSCF0631.AVI,True,False
D:\temp\trail_cam\DCIM_241110_250404\100MEDIA\DSCF0632.AVI,True,False
D:\temp\trail_cam\DCIM_241110_250404\100MEDIA\DSCF0633.AVI,True,False
D:\temp\trail_cam\DCIM_241110_250404\100MEDIA\DSCF0634.AVI,True,False
D:\temp\trail_cam\DCIM_241110_250404\100MEDIA\DSCF0635.AVI,True,False
D:\temp\trail_cam\DCIM_241110_250404\100MEDIA\DSCF0636.AVI,True,False
D:\temp\trail_cam\DCIM_241110_250404\100MEDIA\DSCF0637.AVI,True,False
D:\temp\trail_cam\DCIM_241110_250404\100MEDIA\DSCF0638.AVI,True,False
D:\temp\trail_cam\DCIM_241110_250404\100MEDIA\DSCF0639.AVI,True,False
D:\temp\trail_cam\DCIM_241110_250404\100MEDIA\DSCF0640.AVI,True,False
D:\temp\trail_cam\DCIM_241110_250404\100MEDIA\DSCF0641.AVI,True,True
D:\temp\trail_cam\DCIM_241110_250404\100MEDIA\DSCF0642.AVI,True,True
D:\temp\trail_cam\DCIM_241110_250404\100MEDIA\DSCF0643.AVI,True,True
D:\temp\trail_cam\DCIM_241110_250404\100MEDIA\DSCF0644.AVI,True,True
D:\temp\trail_cam\DCIM_241110_250404\100MEDIA\DSCF0645.AVI,True,False
D:\temp\trail_cam\DCIM_241110_250404\100MEDIA\DSCF0646.AVI,True,False
D:\temp\trail_cam\DCIM_241110_250404\100MEDIA\DSCF0647.AVI,True,False
D:\temp\trail_cam\DCIM_241110_250404\100MEDIA\DSCF0648.AVI,True,False
D:\temp\trail_cam\DCIM_241110_250404\100MEDIA\DSCF0649.AVI,True,False
D:\temp\trail_cam\DCIM_241110_250404\100MEDIA\DSCF0650.AVI,True,False
D:\temp\trail_cam\DCIM_241110_250404\100MEDIA\DSCF0651.AVI,True,True
D:\temp\trail_cam\DCIM_241110_250404\100MEDIA\DSCF0652.AVI,True,True
D:\temp\trail_cam\DCIM_241110_250404\100MEDIA\DSCF0653.AVI,True,True
D:\temp\trail_cam\DCIM_241110_250404\100MEDIA\DSCF0654.AVI,True,True
D:\temp\trail_cam\DCIM_241110_250404\100MEDIA\DSCF0655.AVI,True,True
D:\temp\trail_cam\DCIM_241110_250404\100MEDIA\DSCF0656.AVI,True,True
D:\temp\trail_cam\DCIM_241110_250404\100MEDIA\DSCF0657.AVI,True,True
D:\temp\trail_cam\DCIM_241110_250404\100MEDIA\DSCF0658.AVI,True,False
D:\temp\trail_cam\DCIM_241110_250404\100MEDIA\DSCF0659.AVI,True,True
D:\temp\trail_cam\DCIM_241110_250404\100MEDIA\DSCF0660.AVI,True,True
D:\temp\trail_cam\DCIM_241110_250404\100MEDIA\DSCF0661.AVI,True,True
D:\temp\trail_cam\DCIM_241110_250404\100MEDIA\DSCF0662.AVI,True,True
D:\temp\trail_cam\DCIM_241110_250404\100MEDIA\DSCF0663.AVI,True,True
D:\temp\trail_cam\DCIM_241110_250404\100MEDIA\DSCF0664.AVI,True,True
D:\temp\trail_cam\DCIM_241110_250404\100MEDIA\DSCF0665.AVI,True,False
D:\temp\trail_cam\DCIM_241110_250404\100MEDIA\DSCF0666.AVI,True,False
D:\temp\trail_cam\DCIM_241110_250404\100MEDIA\DSCF0667.AVI,True,False
D:\temp\trail_cam\DCIM_241110_250404\100MEDIA\DSCF0668.AVI,True,False
D:\temp\trail_cam\DCIM_241110_250404\100MEDIA\DSCF0669.AVI,True,False
D:\temp\trail_cam\DCIM_241110_250404\100MEDIA\DSCF0670.AVI,True,False
D:\temp\trail_cam\DCIM_241110_250404\100MEDIA\DSCF0671.AVI,True,True
